id,name_he,name_en,gender,origin,meaning_he,etymology_he,sources,confidence,status
"david","דוד","David","זכר","עברי/מקראי","אהוב; המשמעות האטימולוגית המדויקת נתונה לדיון.","קשור למילה העברית דּוֹד ולמשפחת מילים של חיבה וקרבה.","Wiktionary/Kaikki; Wikidata","medium","draft"
"yosef","יוסף","Yosef","זכר","עברי/מקראי","יוסיף; במשמעות מקראית: שהאל יוסיף.","נגזר מן השורש י־ס־ף, הקשור להוספה.","Wiktionary/Kaikki; Wikidata","high","draft"
"avraham","אברהם","Avraham","זכר","עברי/מקראי","במקרא מוסבר כ״אב המון״.","המקרא קושר את השם לביטוי ״אב המון גויים״; האטימולוגיה ההיסטורית המדויקת מורכבת יותר.","Wiktionary/Kaikki; DAHPN","medium","draft"
"daniel","דניאל","Daniel","זכר","עברי/מקראי","אל הוא דייני / האל שפט אותי.","שם תאופורי המורכב ממרכיב הקשור לדין ומהמרכיב ״אל״.","Wiktionary/Kaikki; DAHPN","high","draft"
"ori","אורי","Ori","זכר","עברי","האור שלי.","מן המילה אוֹר בצירוף כינוי השייכות ־י.","Wiktionary/Kaikki","high","draft"
"yaakov","יעקב","Yaakov","זכר","עברי/מקראי","קשור ל״עקב״; במקרא נקשר לאחיזה בעקב.","שם מקראי שמקושר לשורש ע־ק־ב ולמילה עָקֵב.","Wiktionary/Kaikki; DAHPN","medium","draft"
"yitzhak","יצחק","Yitzhak","זכר","עברי/מקראי","הוא יצחק / הוא יצחק בשמחה.","נגזר מן השורש צ־ח־ק.","Wiktionary/Kaikki; DAHPN","high","draft"
"rachel","רחל","Rachel","נקבה","עברי/מקראי","כבשה נקבה.","זהה למילה העברית רָחֵל.","Wiktionary/Kaikki","high","draft"
"yael","יעל","Yael","נקבה","עברי/מקראי","יעל — יונק הררי ממשפחת היעליים.","זהה לשם בעל החיים יָעֵל.","Wiktionary/Kaikki","high","draft"
"sarah","שרה","Sarah","נקבה","עברי/מקראי","נסיכה / אצילה.","קשור לשורש ולמילים שמיות המציינות שררה ומעמד רם.","Wiktionary/Kaikki; DAHPN","high","draft"
"tamar","תמר","Tamar","נקבה","עברי/מקראי","עץ התמר.","זהה למילה העברית תָּמָר.","Wiktionary/Kaikki","high","draft"
"ariel","אריאל","Ariel","זכר/נקבה","עברי/מקראי","ארי של אל / אריה של אל.","מורכב מ״ארי״ ומהמרכיב התאופורי ״אל״.","Wiktionary/Kaikki; Wikidata","high","draft"
"adi","עדי","Adi","זכר/נקבה","עברי","תכשיט, קישוט או עדי.","זהה למילה העברית עֲדִי.","Wiktionary/Kaikki","high","draft"
"shira","שירה","Shira","נקבה","עברי","שירה, זמר או יצירה פיוטית.","מן המילה העברית שִׁירָה והשורש ש־י־ר.","Wiktionary/Kaikki","high","draft"
"chaim","חיים","Chaim","זכר","עברי","חיים.","מן המילה העברית חַיִּים.","Wiktionary/Kaikki","high","draft"
"tal","טל","Tal","זכר/נקבה","עברי","טל — טיפות מים המתעבות על משטחים.","זהה למילה העברית טַל.","Wiktionary/Kaikki","high","draft"
"or","אור","Or","זכר/נקבה","עברי","אור, בהירות.","זהה למילה העברית אוֹר.","Wiktionary/Kaikki","high","draft"
"shahar","שחר","Shahar","זכר/נקבה","עברי","שחר, אור הבוקר המוקדם.","זהה למילה העברית שַׁחַר.","Wiktionary/Kaikki","high","draft"
"eitan","איתן","Eitan","זכר","עברי/מקראי","חזק, יציב, מתמשך.","מן התואר העברי אֵיתָן.","Wiktionary/Kaikki","high","draft"
"alon","אלון","Alon","זכר","עברי","אלון — עץ ממשפחת האלוניים.","זהה למילה העברית אַלּוֹן.","Wiktionary/Kaikki","high","draft"
"maayan","מעיין","Maayan","זכר/נקבה","עברי","מעיין, נביעה טבעית של מים.","זהה למילה העברית מַעְיָן.","Wiktionary/Kaikki","high","draft"
"shaked","שקד","Shaked","זכר/נקבה","עברי","שקד — העץ או פריו.","זהה למילה העברית שָׁקֵד.","Wiktionary/Kaikki","high","draft"
"hadas","הדס","Hadas","נקבה","עברי","הדס — שיח ריחני ירוק-עד.","זהה למילה העברית הֲדַס.","Wiktionary/Kaikki","high","draft"
"lior","ליאור","Lior","זכר/נקבה","עברי מודרני","האור שלי / לי אור.","שם עברי מודרני המבוסס על הצירוף ״לי״ + ״אור״.","Wiktionary/Kaikki; Wikidata","high","draft"
"maor","מאור","Maor","זכר/נקבה","עברי","מקור אור; גוף מאיר.","מן המילה העברית מָאוֹר, הקשורה לשורש א־ו־ר.","Wiktionary/Kaikki","high","draft"
"moshe","משה","Moshe","זכר","מקראי","במקרא מוסבר כמי שנמשה מן המים; ייתכן גם קשר לשם ממקור מצרי.","ספר שמות קושר את השם לפועל מ־ש־ה, אך במחקר הוצע גם מקור מצרי.","Wiktionary/Kaikki; DAHPN","medium","draft"
"noam","נועם","Noam","זכר/נקבה","עברי","נעימות, חן, נועם.","מן המילה העברית נֹעַם, הקשורה לנעימות ולחן.","Wiktionary/Kaikki","high","draft"
"noa","נועה","Noa","נקבה","עברי/מקראי","שם מקראי; מקושר לעיתים לתנועה או לנוע.","מקושר לשורש נ־ו־ע, אך האטימולוגיה המדויקת של השם המקראי אינה ודאית לחלוטין.","Wiktionary/Kaikki; DAHPN","medium","draft"
"yuval","יובל","Yuval","זכר/נקבה","עברי/מקראי","יובל; במקרא גם שם פרטי, והמילה קשורה לזרימה או לשופר.","השם מקראי; הוא קשור למילה יובל, שלה משמעויות היסטוריות אחדות.","Wiktionary/Kaikki; DAHPN","medium","draft"
"amit","עמית","Amit","זכר/נקבה","עברי","חבר, בן־לוויה או עמית.","זהה למילה העברית עָמִית.","Wiktionary/Kaikki","high","draft"
"hannah","חנה","Hannah","נקבה","עברי/מקראי","חן או חסד.","קשור לשורש ח־נ־נ, הקשור לחן, חנינה וחסד.","Wiktionary/Kaikki; DAHPN","high","draft"
"israel","ישראל","Yisrael","זכר","עברי/מקראי","שם מקראי הקשור למאבק עם האל או לכך שהאל נאבק/שולט.","שם תאופורי הכולל את המרכיב ״אל״; פירושו המדויק נתון לדיון לשוני.","Wiktionary/Kaikki; DAHPN","medium","draft"
"shlomo","שלמה","Shlomo","זכר","עברי/מקראי","קשור לשלום ושלמות.","נגזר מן השורש ש־ל־ם וממשפחת המילים שלום ושלם.","Wiktionary/Kaikki; DAHPN","high","draft"
"yehuda","יהודה","Yehuda","זכר","עברי/מקראי","במקרא נקשר להודיה או לשבח.","מקושר לשורש י־ד־ה במשמעות הודיה ושבח.","Wiktionary/Kaikki; DAHPN","high","draft"
"shai","שי","Shai","זכר/נקבה","עברי","מתנה או מנחה.","זהה למילה העברית שַׁי.","Wiktionary/Kaikki","high","draft"
"shmuel","שמואל","Shmuel","זכר","עברי/מקראי","שם מקראי שהוסבר במסורת כקשור לכך שהאל שמע.","השם כולל את המרכיב ״אל״; האטימולוגיה המדויקת שנויה במחלוקת.","Wiktionary/Kaikki; DAHPN","medium","draft"
"omer","עומר","Omer","זכר/נקבה","עברי","עומר — אלומה או מידה מקראית של תבואה.","זהה למילה העברית עֹמֶר.","Wiktionary/Kaikki","high","draft"
"shimon","שמעון","Shimon","זכר","עברי/מקראי","הוא שמע / שנשמע.","קשור לשורש ש־מ־ע.","Wiktionary/Kaikki; DAHPN","high","draft"
"guy","גיא","Guy","זכר","עברי","גיא — עמק צר בין הרים או גבעות.","זהה למילה העברית גַּיְא/גַּי.","Wiktionary/Kaikki","high","draft"
"yehonatan","יהונתן","Yehonatan","זכר","עברי/מקראי","ה׳ נתן.","שם תאופורי המשלב צורה של שם ה׳ עם הפועל נתן.","Wiktionary/Kaikki; DAHPN","high","draft"
"meir","מאיר","Meir","זכר","עברי","מאיר, מפיץ אור.","מן הפועל להאיר והשורש א־ו־ר.","Wiktionary/Kaikki","high","draft"
"roi","רועי","Roi","זכר","עברי","הרועה שלי.","מן המילה רוֹעֶה בצירוף כינוי השייכות ־י.","Wiktionary/Kaikki","high","draft"
"eliyahu","אליהו","Eliyahu","זכר","עברי/מקראי","האל שלי הוא ה׳.","שם תאופורי המשלב את ״אלי״ עם צורה של שם ה׳.","Wiktionary/Kaikki; DAHPN","high","draft"
"roni","רוני","Roni","זכר/נקבה","עברי","שמחי/הרניני או השמחה שלי, לפי ניתוח השם.","קשור לשורש ר־נ־נ ולמילים רינה ורננה; קיימים כמה ניתוחים מקובלים.","Wiktionary/Kaikki","medium","draft"
"chaya","חיה","Chaya","נקבה","עברי","חיה, בעלת חיים או מי שחיה.","מן השורש ח־י־ה ומהמילה חַיָּה.","Wiktionary/Kaikki","high","draft"
"yair","יאיר","Yair","זכר","עברי/מקראי","הוא יאיר / יפיץ אור.","מן הפועל להאיר והשורש א־ו־ר.","Wiktionary/Kaikki; DAHPN","high","draft"
"michael","מיכאל","Michael","זכר","עברי/מקראי","מי כאל? — שאלה רטורית שמשמעותה שאין כאל.","שם תאופורי המורכב מ״מי״, ״כ״ ו״אל״.","Wiktionary/Kaikki; DAHPN","high","draft"
"ruth","רות","Ruth","נקבה","מקראי","שם מקראי; מקושר במסורת לרֵעוּת וחברות, אך האטימולוגיה אינה ודאית.","הקישור למילה רֵעוּת נפוץ, אך מקורו ההיסטורי של השם אינו מוסכם לחלוטין.","Wiktionary/Kaikki; DAHPN","medium","draft"
"ayal","אייל","Ayal","זכר","עברי","אייל — זכר ממשפחת האייליים.","זהה למילה העברית אַיָּל.","Wiktionary/Kaikki","high","draft"
"avigail","אביגיל","Avigail","נקבה","עברי/מקראי","שם מקראי שמקובל לפרשו כ״אבי גיל״ או ״אבי השמחה״.","מורכב מן המרכיב ״אבי״ ומרכיב הקשור לגיל/שמחה; ניתוחו המדויק נדון במחקר.","Wiktionary/Kaikki; DAHPN","medium","draft"
"michal","מיכל","Michal","נקבה","עברי/מקראי","שם מקראי; משמעותו האטימולוגית המדויקת אינה ודאית.","מופיע במקרא כשם בת שאול. הוצעו כמה ניתוחים לשוניים, ללא הסכמה מלאה.","Wiktionary/Kaikki; DAHPN","medium","draft"
"ester","אסתר","Esther","נקבה","מקראי/זר","שם מקראי ממקור שאינו ודאי; הוצעו קשרים לפרסית ולאכדית.","השם קשור למגילת אסתר. במחקר הוצעו זיקות למילה הפרסית לכוכב ולשם האלה המסופוטמית אישתר.","Wiktionary/Kaikki; DAHPN","medium","draft"
"itai","איתי","Itai","זכר","עברי/מקראי","איתי / עִמִּי, בקרבתי.","מקושר לצירוף ״איתי״ במשמעות ״עִמִּי״.","Wiktionary/Kaikki","medium","draft"
"miriam","מרים","Miriam","נקבה","מקראי","שם מקראי עתיק; משמעותו האטימולוגית המדויקת אינה ודאית.","הוצעו לו מקורות עבריים ומצריים שונים, ללא הסכמה מחקרית מלאה.","Wiktionary/Kaikki; DAHPN","medium","draft"
"maya","מאיה","Maya","נקבה","בינלאומי","שם בינלאומי בעל כמה מקורות אפשריים ומשמעויות שונות בשפות שונות.","בישראל משמש כשם מודרני; אין לו אטימולוגיה עברית יחידה מוסכמת.","Wikidata","medium","draft"
"rivka","רבקה","Rivka","נקבה","עברי/מקראי","שם מקראי; האטימולוגיה המדויקת אינה ודאית.","השם עתיק ומופיע בספר בראשית. הוצעו ניתוחים שונים אך אין פירוש חד־משמעי מוסכם.","Wiktionary/Kaikki; DAHPN","medium","draft"
"mordechai","מרדכי","Mordechai","זכר","מקראי/בבלי","שם מקראי שמקובל לקשור לשם האל הבבלי מרדוך.","כנראה שם ממקור בבלי הקשור למרדוך.","Wiktionary/Kaikki; DAHPN","high","draft"
"ido","עידו","Ido","זכר","עברי/מקראי","שם מקראי; פירושו האטימולוגי אינו ודאי.","מופיע בכמה צורות במקרא; הוצעו קשרים לשורשים עבריים שונים.","Wiktionary/Kaikki; DAHPN","medium","draft"
"hila","הילה","Hila","נקבה","עברי","הילה — זוהר או טבעת אור סביב גוף מאיר.","זהה למילה העברית הִלָּה.","Wiktionary/Kaikki","high","draft"
"yonatan","יונתן","Yonatan","זכר","עברי/מקראי","ה׳ נתן.","צורה מקוצרת של יהונתן, שם תאופורי המשלב מרכיב של שם ה׳ עם הפועל נתן.","Wiktionary/Kaikki; DAHPN","high","draft"
"talia","טליה","Talia","נקבה","עברי מודרני","מקובל לפרשו כ״טל של ה׳״ או כצירוף טל + יה.","שם עברי מודרני המבוסס על המילה טל והמרכיב ״יה״.","Wiktionary/Kaikki; Wikidata","medium","draft"
"aharon","אהרון","Aharon","זכר","מקראי","צורת כתיב נפוצה של אהרן; משמעות השם העתיקה אינה ודאית.","שם מקראי קדום. מקורו ומשמעותו המדויקת אינם מוסכמים במחקר.","Wiktionary/Kaikki; DAHPN","medium","draft"
"gal","גל","Gal","זכר/נקבה","עברי","גל — תנועה מתרוממת של מים או צורת גל.","זהה למילה העברית גַּל.","Wiktionary/Kaikki","high","draft"
"efrat","אפרת","Efrat","נקבה","עברי/מקראי","שם מקראי הקשור לאפרת/אפרתה; מקובל לקשור לפריון ושפע.","קשור לשם המקום אפרת/אפרתה; האטימולוגיה המדויקת אינה ודאית לחלוטין.","Wiktionary/Kaikki; DAHPN","medium","draft"
"leah","לאה","Leah","נקבה","מקראי","שם מקראי עתיק; משמעותו המדויקת אינה ודאית.","הוצעו קשרים למילים שמיות שונות, אך אין פירוש יחיד מוסכם.","Wiktionary/Kaikki; DAHPN","medium","draft"
"asaf","אסף","Asaf","זכר","עברי/מקראי","אסף / כינס.","קשור לשורש א־ס־ף במשמעות איסוף וכינוס.","Wiktionary/Kaikki; DAHPN","high","draft"
"rafael","רפאל","Rafael","זכר","עברי/מקראי","אל ריפא / האל ריפא.","שם תאופורי המורכב מהשורש ר־פ־א ומהמרכיב ״אל״.","Wiktionary/Kaikki; DAHPN","high","draft"
"ofir","אופיר","Ofir","זכר/נקבה","מקראי","שם מקראי המזוהה עם ארץ אופיר, שנודעה בזהב ובאוצרות.","מקור השם הגאוגרפי אופיר אינו ודאי.","Wiktionary/Kaikki; DAHPN","medium","draft"
"tomer","תומר","Tomer","זכר","עברי","דקל או עץ תמר.","מן המילה העברית תֹּמֶר, הקשורה לתמר.","Wiktionary/Kaikki","high","draft"
"eden","עדן","Eden","זכר/נקבה","עברי/מקראי","עונג, נעימות או גן עדן.","קשור למילה עֵדֶן במשמעות עונג ונעימות.","Wiktionary/Kaikki","high","draft"
"idan","עידן","Idan","זכר","עברי","עידן — תקופה או פרק זמן.","זהה למילה העברית עִדָּן.","Wiktionary/Kaikki","high","draft"
"netanel","נתנאל","Netanel","זכר","עברי/מקראי","אל נתן / מתת האל.","שם תאופורי המשלב את הפועל נתן עם המרכיב ״אל״.","Wiktionary/Kaikki; DAHPN","high","draft"
"itamar","איתמר","Itamar","זכר","עברי/מקראי","שם מקראי; מקובל לנתחו כקשור לאי/אזור של תמרים, אך הפירוש המדויק אינו ודאי.","השם כולל את המרכיב ״תמר״; ניתוחו המלא שנוי במחלוקת.","Wiktionary/Kaikki; DAHPN","medium","draft"
"hodayah","הודיה","Hodaya","נקבה","עברי","הודיה, הכרת תודה.","מן המילה הוֹדָיָה והשורש י־ד־ה.","Wiktionary/Kaikki","high","draft"
"shani","שני","Shani","נקבה","עברי","שָׁנִי — גוון אדום־ארגמן.","זהה למילה העברית שָׁנִי.","Wiktionary/Kaikki","high","draft"
"chen","חן","Chen","זכר/נקבה","עברי","חן, יופי או נעימות.","זהה למילה העברית חֵן.","Wiktionary/Kaikki","high","draft"
"ben","בן","Ben","זכר","עברי","בן.","זהה למילה העברית בֵּן.","Wiktionary/Kaikki","high","draft"
"rotem","רותם","Rotem","זכר/נקבה","עברי","רותם — שיח מדברי ממשפחת הקטניות.","זהה לשם הצמח רֹתֶם.","Wiktionary/Kaikki","high","draft"
"eliya","אליה","Eliya","זכר/נקבה","עברי","צורה הקשורה לאליהו; ״האל שלי הוא ה׳״.","צורה מקוצרת או מודרנית של אליהו.","Wiktionary/Kaikki; Wikidata","medium","draft"
"hadar","הדר","Hadar","זכר/נקבה","עברי","הדר, פאר או יופי.","זהה למילה העברית הָדָר.","Wiktionary/Kaikki","high","draft"
"sharon","שרון","Sharon","זכר/נקבה","עברי/מקראי","השרון — אזור מישורי פורה; בהשאלה שם הקשור לארץ ולנוף.","מן השם הגאוגרפי המקראי שָׁרוֹן.","Wiktionary/Kaikki","high","draft"
"yehudit","יהודית","Yehudit","נקבה","עברי/מקראי","יהודייה / בת יהודה.","צורת נקבה הקשורה לשם יהודה ולכינוי יהודי.","Wiktionary/Kaikki; DAHPN","high","draft"
"binyamin","בנימין","Binyamin","זכר","עברי/מקראי","בן ימין; מקובל גם להבין כ״בן הדרום״ או ״בן יד ימין״.","מורכב מ״בן״ ו״ימין״; למשמעות ״ימין״ בהקשר הקדום יש כמה פירושים.","Wiktionary/Kaikki; DAHPN","medium","draft"
"ron","רון","Ron","זכר","עברי","שמחה, רינה או שירה.","קשור לשורש ר־נ־נ ולמילים רינה ורננה.","Wiktionary/Kaikki","high","draft"
"shir","שיר","Shir","זכר/נקבה","עברי","שיר, יצירה מושרת או פיוטית.","זהה למילה העברית שִׁיר.","Wiktionary/Kaikki","high","draft"
"menachem","מנחם","Menachem","זכר","עברי/מקראי","מנחם, מי שמביא נחמה.","מן השורש נ־ח־ם והפועל לנחם.","Wiktionary/Kaikki; DAHPN","high","draft"
"aviv","אביב","Aviv","זכר/נקבה","עברי","אביב — עונת השנה שבין החורף לקיץ.","זהה למילה העברית אָבִיב.","Wiktionary/Kaikki","high","draft"
"nir","ניר","Nir","זכר","עברי","שדה חרוש או תלם.","זהה למילה העברית נִיר.","Wiktionary/Kaikki","high","draft"
"shoshana","שושנה","Shoshana","נקבה","עברי/מקראי","שושנה — פרח; במסורת מזוהה לרוב עם ורד או שושן.","מן המילה שׁוֹשַׁנָּה/שׁוֹשָׁן.","Wiktionary/Kaikki","high","draft"
"malka","מלכה","Malka","נקבה","עברי","מלכה — אישה שלטת או רעיית מלך.","זהה למילה העברית מַלְכָּה.","Wiktionary/Kaikki","high","draft"
"yoav","יואב","Yoav","זכר","עברי/מקראי","שם מקראי תאופורי; פירושו המדויק אינו ודאי.","כולל כנראה מרכיב תאופורי הקשור לשם ה׳; הניתוח המלא שנוי במחלוקת.","Wiktionary/Kaikki; DAHPN","medium","draft"
"anat","ענת","Anat","נקבה","שמי/מקראי","שם שמי עתיק המזוהה גם עם האלה ענת.","מקורו בשמות שמיים קדומים; משמעותו האטימולוגית המדויקת אינה ודאית.","Wiktionary/Kaikki; DAHPN","medium","draft"
"nadav","נדב","Nadav","זכר","עברי/מקראי","נדיב או מתנדב.","קשור לשורש נ־ד־ב, הקשור לנדיבות והתנדבות.","Wiktionary/Kaikki; DAHPN","high","draft"
"matan","מתן","Matan","זכר","עברי","מתנה או נתינה.","מן השורש נ־ת־ן ומהמילה מַתָּן.","Wiktionary/Kaikki","high","draft"
"bar","בר","Bar","זכר/נקבה","עברי/ארמי","שם קצר בעל כמה מקורות; בעברית יכול להתקשר ל״בר״ במשמעות נקי/טהור או תבואה, ובארמית ״בן״.","לשם כמה ניתוחים אפשריים בעברית ובארמית ולכן המשמעות תלויה בהקשר.","Wiktionary/Kaikki","medium","draft"
"naomi","נעמי","Naomi","נקבה","עברי/מקראי","הנעימות שלי / נועם שלי.","קשור למילה נֹעַם ולשורש נ־ע־ם.","Wiktionary/Kaikki; DAHPN","high","draft"
"keren","קרן","Keren","נקבה","עברי","קרן — קרן של בעל חיים, קרן אור או שלוחה.","זהה למילה העברית קֶרֶן.","Wiktionary/Kaikki","high","draft"
"ela","אלה","Ela","נקבה","עברי","אלה — עץ ממשפחת האלתיים.","זהה לשם העץ אֵלָה.","Wiktionary/Kaikki","high","draft"
"oren","אורן","Oren","זכר","עברי","אורן — עץ מחטני.","זהה למילה העברית אֹרֶן.","Wiktionary/Kaikki","high","draft"
"tehila","תהילה","Tehila","נקבה","עברי","תהילה, שבח או דברי הלל.","מן המילה העברית תְּהִלָּה והשורש ה־ל־ל.","Wiktionary/Kaikki","high","draft"
"naama","נעמה","Naama","נקבה","עברי/מקראי","נעימה, נאה או בעלת נועם.","קשור לשורש נ־ע־ם ולמילים נעים ונועם.","Wiktionary/Kaikki; DAHPN","high","draft"
"neta","נטע","Neta","זכר/נקבה","עברי","נטע, שתיל או דבר שנשתל.","מן השורש נ־ט־ע ומהמילה נֶטַע.","Wiktionary/Kaikki","high","draft"
"elad","אלעד","Elad","זכר","עברי/מקראי","שם מקראי תאופורי; מקובל לפרשו כ״אל לעד״.","מורכב מן המרכיב ״אל״ ומן המילה ״עד״.","Wiktionary/Kaikki; DAHPN","medium","draft"
"tzvi","צבי","Tzvi","זכר","עברי/מקראי","צבי; וגם יופי או תפארת בלשון המקרא.","זהה למילה צְבִי, שלה גם משמעויות מושאלות של יופי והדר.","Wiktionary/Kaikki","high","draft"
"omri","עומרי","Omri","זכר","מקראי","שם מקראי; האטימולוגיה המדויקת אינה ודאית.","מופיע כשם מלך ישראל. הקשר למילה עומר אפשרי אך אינו ודאי.","Wiktionary/Kaikki; DAHPN","medium","draft"
"dana","דנה","Dana","נקבה","עברי/בינלאומי","בניתוח עברי: היא דנה או שפטה; לשם יש גם מקורות בינלאומיים אחרים.","בעברית ניתן לקשר לשורש ד־י־ן, אך השם קיים גם בשפות אחרות.","Wiktionary/Kaikki; Wikidata","medium","draft"
"hillel","הלל","Hillel","זכר","עברי/מקראי","שבח, הלל.","מן השורש ה־ל־ל במשמעות לשבח.","Wiktionary/Kaikki; DAHPN","high","draft"
"amir","אמיר","Amir","זכר","עברי/בינלאומי","בעברית: צמרת או ענף עליון; בערבית: נסיך או מפקד.","לשם שתי אטימולוגיות נפוצות בישראל — עברית וערבית.","Wiktionary/Kaikki; Wikidata","high","draft"
"yaniv","יניב","Yaniv","זכר","עברי","יניב, ייתן פרי או תנובה.","מן השורש נ־ו־ב, הקשור לתנובה ולהנבה.","Wiktionary/Kaikki","high","draft"
"noya","נויה","Noya","נקבה","עברי מודרני","מקובל לפרשו כ״היופי שלה״ או כצורה המבוססת על נוי.","שם מודרני המבוסס על המילה נוֹי, לעיתים בצירוף סיומת שייכות.","Wiktionary/Kaikki; Wikidata","medium","draft"
"ilan","אילן","Ilan","זכר","עברי","עץ.","זהה למילה העברית אִילָן.","Wiktionary/Kaikki","high","draft"
"harel","הראל","Harel","זכר","עברי/מקראי","הר של אל.","מורכב מ״הר״ ומהמרכיב התאופורי ״אל״.","Wiktionary/Kaikki; DAHPN","high","draft"
"orit","אורית","Orit","נקבה","עברי מודרני","קשורה לאור; אפשר להבין כ״אור קטן/אורית״.","נגזרת מודרנית מן המילה אוֹר.","Wiktionary/Kaikki","high","draft"
"shalom","שלום","Shalom","זכר","עברי","שלום, שלמות ושלווה.","מן השורש ש־ל־ם ומהמילה שָׁלוֹם.","Wiktionary/Kaikki","high","draft"
"meirav","מירב","Meirav","נקבה","עברי/מקראי","שם מקראי; בכתיב מודרני נקשר לעיתים ל״מרב״ במשמעות שפע או רוב.","מופיע במקרא כמרב/מירב; האטימולוגיה המדויקת אינה ודאית.","Wiktionary/Kaikki; DAHPN","medium","draft"
"liron","לירון","Liron","זכר/נקבה","עברי מודרני","מקובל לפרשו כ״לי רון״ — לי שמחה או שירה.","שם מודרני המשלב ״לי״ ו״רון״.","Wiktionary/Kaikki; Wikidata","high","draft"
"uriya","אוריה","Uriya","זכר/נקבה","עברי/מקראי","האור של ה׳ / ה׳ הוא אורי.","שם תאופורי המבוסס על אור והמרכיב ״יה״.","Wiktionary/Kaikki; DAHPN","high","draft"
"gil","גיל","Gil","זכר/נקבה","עברי","שמחה, גיל.","זהה למילה גִּיל במשמעות שמחה.","Wiktionary/Kaikki","high","draft"
"adel","אדל","Adel","נקבה","בינלאומי","שם בינלאומי בעל כמה מקורות; בגרמאנית קשור לאצילות, ובערבית לשורש הקשור לצדק.","בישראל השם עשוי להגיע ממסורות לשוניות שונות, ולכן אין לו פירוש עברי יחיד.","Wikidata","medium","draft"
"devora","דבורה","Devora","נקבה","עברי/מקראי","דבורה — החרק.","זהה למילה העברית דְּבוֹרָה.","Wiktionary/Kaikki; DAHPN","high","draft"
"tzipora","צפורה","Tzipora","נקבה","עברי/מקראי","ציפור.","צורת שם הקשורה למילה צִפּוֹר.","Wiktionary/Kaikki; DAHPN","high","draft"
"aryeh","אריה","Aryeh","זכר","עברי","אריה.","זהה למילה העברית אַרְיֵה.","Wiktionary/Kaikki","high","draft"
"liat","ליאת","Liat","נקבה","עברי מודרני","מקובל לפרשו כ״לי את״.","שם עברי מודרני שנוצר מצירוף המילים ״לי״ ו״את״.","Wikidata","medium","draft"
"liel","ליאל","Liel","זכר/נקבה","עברי מודרני","לי אל / האל שלי.","מורכב מן ״לי״ ומהמרכיב ״אל״.","Wiktionary/Kaikki; Wikidata","high","draft"
"yahli","יהלי","Yahli","זכר/נקבה","עברי מודרני","שם מודרני הקשור למרכיב ״יה״; פירושו המדויק אינו אחיד.","נוצר כנראה מצירופים מודרניים סביב המרכיב התאופורי ״יה״.","Wikidata","low","draft"
"lia","ליה","Lia","נקבה","בינלאומי/עברי","שם בינלאומי; בישראל לעיתים נתפס גם כצורה הקשורה ל״לי״ ול״יה״.","לשם מקורות אפשריים בכמה שפות ולכן אין אטימולוגיה יחידה.","Wikidata","medium","draft"
"noga","נגה","Noga","נקבה","עברי","זוהר, אור בהיר; גם שמו העברי של כוכב הלכת נוגה.","מן המילה נֹגַהּ במשמעות זוהר ובהירות.","Wiktionary/Kaikki","high","draft"
"orli","אורלי","Orly","נקבה","עברי מודרני","האור שלי.","מן המילה אור בצירוף ״לי״.","Wiktionary/Kaikki","high","draft"
"zohar","זוהר","Zohar","זכר/נקבה","עברי","זוהר, ברק או אור חזק.","זהה למילה זֹהַר.","Wiktionary/Kaikki","high","draft"
"mor","מור","Mor","זכר/נקבה","עברי","מור — שרף ריחני ששימש לבשמים וקטורת.","זהה למילה מֹר.","Wiktionary/Kaikki","high","draft"
"ronit","רונית","Ronit","נקבה","עברי מודרני","קשורה לרון, שמחה ורינה.","נגזרת מן השם/המילה רון בסיומת נקבה.","Wiktionary/Kaikki","high","draft"
"moran","מורן","Moran","זכר/נקבה","עברי","מורן — שם של שיח פורח; בישראל משמש גם כשם פרטי.","זהה לשם הצמח מורן.","Wiktionary/Kaikki","high","draft"
"ofer","עופר","Ofer","זכר","עברי","עופר — צעיר של אייל או צבי.","זהה למילה עֹפֶר.","Wiktionary/Kaikki","high","draft"
"dan","דן","Dan","זכר","עברי/מקראי","דן / שפט.","מן השורש ד־י־ן במשמעות משפט ודין.","Wiktionary/Kaikki; DAHPN","high","draft"
"yarden","ירדן","Yarden","זכר/נקבה","עברי/מקראי","שם נהר הירדן; מקובל לקשור לירידה או זרימה מטה.","מקושר לשורש י־ר־ד, כנראה בשל מהלך הנהר היורד.","Wiktionary/Kaikki","high","draft"
"agam","אגם","Agam","זכר/נקבה","עברי","אגם — גוף מים מוקף יבשה.","זהה למילה אֲגַם.","Wiktionary/Kaikki","high","draft"
"dor","דור","Dor","זכר/נקבה","עברי","דור — קבוצת בני אדם בני תקופה אחת.","זהה למילה דּוֹר.","Wiktionary/Kaikki","high","draft"
"romi","רומי","Romi","נקבה","בינלאומי/עברי מודרני","שם מודרני בעל כמה מקורות אפשריים; אין לו פירוש עברי יחיד מוסכם.","עשוי להופיע כצורה בינלאומית או כשם עברי מודרני.","Wikidata","medium","draft"
"natan","נתן","Natan","זכר","עברי/מקראי","נתן.","מן השורש נ־ת־ן.","Wiktionary/Kaikki; DAHPN","high","draft"
"nehorai","נהוראי","Nehorai","זכר","ארמי/יהודי","קשור לאור ולנהורא — אור בארמית.","מן המילה הארמית נְהוֹרָא, ״אור״.","Wiktionary/Kaikki","high","draft"
"ilana","אילנה","Ilana","נקבה","עברי","עץ; צורת נקבה של אילן.","נגזרת מן המילה אִילָן.","Wiktionary/Kaikki","high","draft"
"liam","ליאם","Liam","זכר","בינלאומי","שם אירי שמקורו ב-William; משמעותו ההיסטורית קשורה לרצון ולהגנה.","צורה אירית מקוצרת של William, ממקור גרמאני.","Wikidata","high","draft"
"meital","מיטל","Meital","נקבה","עברי מודרני","מקובל לפרשו כ״מי טל״ או כצירוף הקשור לטל.","שם ישראלי מודרני המבוסס על המילה טל; הפירוש המדויק אינו אחיד.","Wikidata","medium","draft"
"ziv","זיו","Ziv","זכר/נקבה","עברי","זיו, זוהר או אור.","זהה למילה זִיו.","Wiktionary/Kaikki","high","draft"
"lavi","לביא","Lavi","זכר","עברי","לביא — אריה, ובפרט אריה צעיר או חזק בלשון המקרא.","זהה למילה לָבִיא.","Wiktionary/Kaikki","high","draft"
"sapir","ספיר","Sapir","זכר/נקבה","עברי/מקראי","ספיר — אבן חן.","זהה למילה סַפִּיר.","Wiktionary/Kaikki","high","draft"
"yishai","ישי","Yishai","זכר","עברי/מקראי","שם מקראי; משמעותו המדויקת אינה ודאית.","שמו של אבי דוד במקרא. הוצעו ניתוחים שונים ללא הסכמה מלאה.","Wiktionary/Kaikki; DAHPN","medium","draft"
"moriah","מוריה","Moriah","זכר/נקבה","מקראי","שם מקראי המזוהה עם הר המוריה; האטימולוגיה המדויקת אינה ודאית.","שם מקום מקראי שהפך לשם פרטי מודרני. הוצעו לו כמה פירושים תאופוריים.","Wiktionary/Kaikki; DAHPN","medium","draft"
"ofek","אופק","Ofek","זכר/נקבה","עברי","אופק — הקו הנראה שבו השמים והארץ או הים נדמים כנפגשים.","זהה למילה אֹפֶק.","Wiktionary/Kaikki","high","draft"
"doron","דורון","Doron","זכר","עברי","מתנה או מנחה.","מן המילה העברית דּוֹרוֹן, במשמעות מתנה.","Wiktionary/Kaikki","high","draft"
"hadassa","הדסה","Hadassa","נקבה","עברי/מקראי","הדס; שם הקשור לשיח ההדס.","נגזר מן המילה הֲדַס.","Wiktionary/Kaikki; DAHPN","high","draft"
"sivan","סיון","Sivan","זכר/נקבה","עברי/בבלי","שם החודש סיוון בלוח העברי.","שם החודש מקורו בבבלית/אכדית, והפך לשם פרטי מודרני בישראל.","Wiktionary/Kaikki; Wikidata","high","draft"
"reut","רעות","Reut","נקבה","עברי","חברות, ידידות או רֵעוּת.","מן המילה העברית רֵעוּת.","Wiktionary/Kaikki","high","draft"
"nechama","נחמה","Nechama","נקבה","עברי","נחמה, עידוד או הקלה בצער.","מן השורש נ־ח־ם.","Wiktionary/Kaikki","high","draft"
"eran","ערן","Eran","זכר","עברי/מקראי","שם מקראי; משמעותו המדויקת אינה ודאית.","מופיע במקרא כשם פרטי. הוצעו ניתוחים שונים ללא הסכמה מלאה.","Wiktionary/Kaikki; DAHPN","medium","draft"
"eli","אלי","Eli","זכר","עברי/מקראי","האל שלי; ולעיתים גם צורה מקוצרת של אליהו ושמות דומים.","מן המרכיב אֵל בצירוף כינוי השייכות ־י.","Wiktionary/Kaikki","high","draft"
"ronen","רונן","Ronen","זכר","עברי","מרנן, שר או שמח.","קשור לשורש ר־נ־נ ולרינה.","Wiktionary/Kaikki","high","draft"
"galit","גלית","Galit","נקבה","עברי מודרני","שם הקשור לגל.","נגזרת מודרנית מן המילה גַּל.","Wiktionary/Kaikki","high","draft"
"bracha","ברכה","Bracha","נקבה","עברי","ברכה, איחול טוב או שפע.","מן המילה בְּרָכָה והשורש ב־ר־ך.","Wiktionary/Kaikki","high","draft"
"limor","לימור","Limor","נקבה","עברי מודרני","שם ישראלי מודרני; הפירוש האטימולוגי אינו חד־משמעי.","קיימים ניתוחים עממיים שונים, אך אין אטימולוגיה עברית מוסכמת אחת.","Wikidata","low","draft"
"erez","ארז","Erez","זכר","עברי","ארז — עץ מחטני גדול.","זהה למילה אֶרֶז.","Wiktionary/Kaikki","high","draft"
"iris","איריס","Iris","נקבה","יווני/בינלאומי","איריס — שם פרח; ביוונית גם קשת בענן.","מן היוונית Iris, שם האלה איריס ושם הצמח.","Wikidata","high","draft"
"lian","ליאן","Lian","נקבה","בינלאומי","שם בינלאומי בעל כמה מקורות אפשריים; אין לו פירוש עברי יחיד.","מופיע בשפות שונות בצורות דומות ובמשמעויות שונות.","Wikidata","medium","draft"
"orel","אוראל","Orel","זכר/נקבה","עברי מודרני","מקובל לפרשו כ״אור אל״ או ״אורו של אל״.","שם מודרני המשלב את המילה אור ואת המרכיב ״אל״.","Wikidata","medium","draft"
"adam","אדם","Adam","זכר","עברי/מקראי","אדם, בן אנוש; במקרא נקשר גם לאדמה.","קשור למילים אָדָם ואֲדָמָה; הקשר האטימולוגי המדויק נדון במחקר.","Wiktionary/Kaikki; DAHPN","high","draft"
"may","מאי","May","נקבה","בינלאומי","שם החודש מאי; משמש גם כשם פרטי.","מן שם החודש May, שמקורו במסורת הרומית.","Wikidata","high","draft"
"avital","אביטל","Avital","נקבה","עברי/מקראי","אבי טל / טל של האב, לפי ניתוח השם.","שם מקראי המורכב מן המרכיבים ״אבי״ ו״טל״; הניתוח המדויק עשוי להיות מורכב יותר.","Wiktionary/Kaikki; DAHPN","medium","draft"
"yaron","ירון","Yaron","זכר","עברי","ירון, ישמח או ירנן.","מן השורש ר־נ־נ בצורת עתיד.","Wiktionary/Kaikki","high","draft"
"simcha","שמחה","Simcha","זכר/נקבה","עברי","שמחה, אושר או ששון.","מן המילה שִׂמְחָה והשורש ש־מ־ח.","Wiktionary/Kaikki","high","draft"
"ran","רן","Ran","זכר","עברי","שר, מרנן או שמח.","קשור לשורש ר־נ־נ.","Wiktionary/Kaikki","high","draft"
"shulamit","שולמית","Shulamit","נקבה","עברי/מקראי","שם מקראי הקשור לשלום או שלמות.","קשור לשורש ש־ל־ם; מופיע בשיר השירים.","Wiktionary/Kaikki; DAHPN","medium","draft"
"gilad","גלעד","Gilad","זכר","עברי/מקראי","שם מקראי וגאוגרפי; במקרא נקשר ל״גל עד״.","המקרא מציע משחק מילים של גל + עד; האטימולוגיה ההיסטורית עשויה להיות קדומה יותר.","Wiktionary/Kaikki; DAHPN","medium","draft"
"nisim","ניסים","Nissim","זכר","עברי","ניסים, מעשי פלא.","ריבוי של המילה נֵס במשמעות פלא.","Wiktionary/Kaikki","high","draft"
"yarin","ירין","Yarin","זכר","עברי מודרני","מקובל לקשור לרינה ושירה.","שם מודרני שנקשר לשורש ר־נ־נ; הניתוח המדויק אינו ודאי.","Wikidata","medium","draft"
"yafa","יפה","Yaffa","נקבה","עברי","יפה, נאה.","זהה לתואר יָפָה.","Wiktionary/Kaikki","high","draft"
"ilai","עילאי","Ilai","זכר","עברי/ארמי","עליון, נשגב או גבוה.","מן הצורה עִלָּאָה/עילאי הקשורה לעליון ולגובה.","Wiktionary/Kaikki","high","draft"
"avi","אבי","Avi","זכר","עברי","אבי — האב שלי; גם קיצור של שמות המתחילים ב״אבי״.","מן המילה אָב בצירוף כינוי השייכות ־י.","Wiktionary/Kaikki","high","draft"
"inbal","ענבל","Inbal","נקבה","עברי","ענבל — הלשון שבתוך פעמון.","זהה למילה עִנְבָּל.","Wiktionary/Kaikki","high","draft"
"hagit","חגית","Hagit","נקבה","עברי/מקראי","קשורה לחג או לחגיגה.","מן השורש ח־ג־ג ומהמילה חג.","Wiktionary/Kaikki; DAHPN","high","draft"
"mazal","מזל","Mazal","נקבה","עברי","מזל, גורל טוב או ברכה.","מן המילה מַזָּל.","Wiktionary/Kaikki","high","draft"
"tahal","תהל","Tahal","נקבה","עברי מודרני","שם מודרני; מקובל לקשור לתהילה או להלל.","כנראה קשור לשורש ה־ל־ל, אך אין אטימולוגיה מוסכמת אחת.","Wikidata","low","draft"
"shiran","שירן","Shiran","נקבה","עברי מודרני","שם הקשור לשיר או לשירה.","נגזר מן המילה שִׁיר.","Wikidata","high","draft"
"eliezer","אליעזר","Eliezer","זכר","עברי/מקראי","אלי עזר / האל הוא עזרי.","שם תאופורי המשלב ״אלי״ עם השורש ע־ז־ר.","Wiktionary/Kaikki; DAHPN","high","draft"
"sarit","שרית","Sarit","נקבה","עברי מודרני","צורת חיבה/נגזרת של שרה; קשורה לשררה או נסיכות.","נגזרת מן השם שרה בסיומת עברית מודרנית.","Wikidata","medium","draft"
"dalia","דליה","Dalia","נקבה","עברי/בינלאומי","בעברית יכולה להתקשר לדליה — ענף או זמורה; לשם גם מקורות בשפות אחרות.","בישראל מקובל לקשר למילה דָּלִיָּה/דליה, אך קיימות גם אטימולוגיות בינלאומיות.","Wiktionary/Kaikki; Wikidata","medium","draft"
"asher","אשר","Asher","זכר","עברי/מקראי","מאושר או בר־מזל, לפי ההסבר המקראי.","קשור לשורש א־ש־ר ולמילה אֹשֶׁר.","Wiktionary/Kaikki; DAHPN","high","draft"
"gavriel","גבריאל","Gavriel","זכר","עברי/מקראי","גבר האל / אל הוא גיבורי.","שם תאופורי המשלב גבר/גבורה עם המרכיב ״אל״.","Wiktionary/Kaikki; DAHPN","high","draft"
"pinchas","פנחס","Pinchas","זכר","מקראי/מצרי","שם מקראי עתיק, כנראה ממקור מצרי; משמעותו אינה ודאית לחלוטין.","במחקר מקובל להציע מקור מצרי לשם, אך הפירוש המדויק שנוי במחלוקת.","Wiktionary/Kaikki; DAHPN","medium","draft"
"ofri","עופרי","Ofri","זכר/נקבה","עברי מודרני","קשור לעופר; אפשר להבין כ״עופר שלי״.","מן המילה עֹפֶר בצירוף סיומת שייכות/גזירה.","Wikidata","medium","draft"
"natalie","נטלי","Natalie","נקבה","לטיני/בינלאומי","שם הקשור ללידה או ליום הולדת, ובמסורת הנוצרית ליום הולדתו של ישו.","מן הלטינית natalis, ״לידה/יום הולדת״.","Wikidata","high","draft"
"yehoshua","יהושע","Yehoshua","זכר","עברי/מקראי","ה׳ הוא ישועה / ה׳ מושיע.","שם תאופורי המשלב צורה של שם ה׳ עם השורש י־ש־ע.","Wiktionary/Kaikki; DAHPN","high","draft"
"inbar","ענבר","Inbar","נקבה","עברי","ענבר — שרף מאובן המשמש כאבן חן.","זהה למילה עִנְבָּר.","Wiktionary/Kaikki","high","draft"
"alma","עלמה","Alma","נקבה","עברי/בינלאומי","בעברית: נערה צעירה; לשם גם מקורות ומשמעויות בשפות אחרות.","בעברית זהה למילה עַלְמָה.","Wiktionary/Kaikki; Wikidata","high","draft"
"nitzan","ניצן","Nitzan","זכר/נקבה","עברי","ניצן — פרח או עלה בראשית התפתחותו.","זהה למילה נִצָּן.","Wiktionary/Kaikki","high","draft"
"pnina","פנינה","Pnina","נקבה","עברי","פנינה — מרגלית.","זהה למילה פְּנִינָה.","Wiktionary/Kaikki","high","draft"
"ortal","אורטל","Ortal","נקבה","עברי מודרני","מקובל לפרשו כצירוף של אור וטל.","שם ישראלי מודרני המשלב את המילים אוֹר וטַל.","Wikidata","high","draft"
"chava","חוה","Chava","נקבה","עברי/מקראי","חיה / אם כל חי, לפי ההסבר המקראי.","המקרא קושר את השם לשורש ח־י־ה ולמילה חַי.","Wiktionary/Kaikki; DAHPN","high","draft"
"vered","ורד","Vered","נקבה","עברי","ורד — פרח ממשפחת הוורדיים.","זהה למילה וֶרֶד.","Wiktionary/Kaikki","high","draft"
"almog","אלמוג","Almog","זכר/נקבה","עברי","אלמוג — יצור ימי יוצר מושבות ושלד גירני; גם החומר שנוצר ממנו.","זהה למילה אַלְמוֹג.","Wiktionary/Kaikki","high","draft"
"dror","דרור","Dror","זכר","עברי","חופש; וגם שם של ציפור.","זהה למילה דְּרוֹר, שלה משמעויות של חירות וגם שם ציפור.","Wiktionary/Kaikki","high","draft"
"tali","טלי","Tali","נקבה","עברי","הטל שלי.","מן המילה טַל בצירוף כינוי השייכות ־י.","Wiktionary/Kaikki","high","draft"
"dvir","דביר","Dvir","זכר","עברי/מקראי","דביר — החלק הפנימי והקדוש ביותר במקדש.","זהה למילה המקראית דְּבִיר.","Wiktionary/Kaikki","high","draft"
"mika","מיקה","Mika","נקבה","בינלאומי","שם בינלאומי בעל כמה מקורות אפשריים; לעיתים צורה מקוצרת של שמות כמו מיכאלה.","מופיע במספר שפות ולכן אין לו אטימולוגיה יחידה.","Wikidata","medium","draft"
"noy","נוי","Noy","זכר/נקבה","עברי","יופי, קישוט או נוי.","זהה למילה העברית נוֹי.","Wiktionary/Kaikki","high","draft"
"linoy","לינוי","Linoy","נקבה","עברי מודרני","מקובל לפרשו כ״לי נוי״ — לי יופי.","שם מודרני המשלב ״לי״ ו״נוי״.","Wikidata","medium","draft"
"elisheva","אלישבע","Elisheva","נקבה","עברי/מקראי","אלי הוא שבועה / האל הוא שבועתי.","שם תאופורי המשלב ״אלי״ ומרכיב הקשור לשבועה.","Wiktionary/Kaikki; DAHPN","high","draft"
"raz","רז","Raz","זכר/נקבה","עברי/ארמי","סוד או דבר נסתר.","מן המילה רָז, שמקורה ארמי ומשמשת בעברית במשמעות סוד.","Wiktionary/Kaikki","high","draft"
"gaia","גאיה","Gaia","נקבה","יווני/בינלאומי","גאיה — אלת האדמה במיתולוגיה היוונית; השם קשור לארץ.","מן היוונית Gaia.","Wikidata","high","draft"
"revital","רויטל","Revital","נקבה","עברי מודרני","מקובל לפרשו כצירוף של רווי/רוויה וטל.","שם ישראלי מודרני המבוסס על רכיבים עבריים; הניתוח המדויק אינו אחיד.","Wikidata","medium","draft"
"batya","בתיה","Batya","נקבה","עברי/יהודי","בת של ה׳.","מורכב מן המילה ״בת״ ומהמרכיב התאופורי ״יה״.","Wiktionary/Kaikki","high","draft"
"nurit","נורית","Nurit","נקבה","עברי","נורית — שם של פרח.","זהה לשם הצמח נוּרִית.","Wiktionary/Kaikki","high","draft"
"tohar","טוהר","Tohar","זכר/נקבה","עברי","טהרה, ניקיון או זכות.","מן המילה טֹהַר והשורש ט־ה־ר.","Wiktionary/Kaikki","high","draft"
"uriel","אוריאל","Uriel","זכר","עברי/מקראי","אורי הוא אל / האור של אל.","שם תאופורי המשלב רכיב הקשור לאור עם ״אל״.","Wiktionary/Kaikki; DAHPN","high","draft"
"reuven","ראובן","Reuven","זכר","עברי/מקראי","במקרא מוסבר כ״ראו בן״.","ספר בראשית מציג משחק מילים על ״ראה״ ו״בן״; האטימולוגיה ההיסטורית עשויה להיות מורכבת יותר.","Wiktionary/Kaikki; DAHPN","medium","draft"
"nofer","נופר","Nofer","נקבה","עברי מודרני","שם ישראלי מודרני; פירושו האטימולוגי אינו מוסכם.","הוצעו קשרים לנוף או לצמחים, אך אין אטימולוגיה ברורה אחת.","Wikidata","low","draft"
"ohad","אוהד","Ohad","זכר","עברי/מקראי","שם מקראי; בעברית מודרנית אוהד הוא תומך או מחבב.","השם המקראי עתיק, והקשר לפועל אָהַד אינו ודאי לחלוטין.","Wiktionary/Kaikki; DAHPN","medium","draft"
"baruch","ברוך","Baruch","זכר","עברי/מקראי","מבורך.","מן השורש ב־ר־ך ומהתואר בָּרוּךְ.","Wiktionary/Kaikki; DAHPN","high","draft"
"efraim","אפרים","Efraim","זכר","עברי/מקראי","במקרא נקשר לפריון: ״הפרני״.","קשור לשורש פ־ר־ה, הקשור לפריון.","Wiktionary/Kaikki; DAHPN","medium","draft"
"avia","אביה","Avia","זכר/נקבה","עברי/מקראי","אבי הוא ה׳ / ה׳ הוא אבי.","שם תאופורי המשלב ״אבי״ והמרכיב ״יה״.","Wiktionary/Kaikki; DAHPN","high","draft"
"shelly","שלי","Shelly","נקבה","עברי/בינלאומי","בעברית: שלי, השייך לי; לשם גם שימוש בינלאומי ממקורות אחרים.","בישראל ניתן להבין ישירות מן המילה שֶׁלִּי.","Wiktionary/Kaikki; Wikidata","high","draft"
"evyatar","אביתר","Evyatar","זכר","עברי/מקראי","שם מקראי; מקובל לנתחו כ״אבי יתר״ או ״האב הוא שפע״.","מורכב מן המרכיב ״אבי״ ומרכיב נוסף שמשמעותו המדויקת אינה ודאית לחלוטין.","Wiktionary/Kaikki; DAHPN","medium","draft"
"osher","אושר","Osher","זכר","עברי","אושר, שמחה ורווחה.","זהה למילה אֹשֶׁר.","Wiktionary/Kaikki","high","draft"
"nitai","ניתאי","Nitai","זכר","עברי/יהודי","שם יהודי עתיק; משמעותו האטימולוגית אינה ודאית.","מוכר מן הספרות התנאית; לא קיים פירוש מוסכם אחד.","Wikidata","low","draft"
"liran","לירן","Liran","זכר/נקבה","עברי מודרני","לי רינה / לי שמחה.","שם מודרני המשלב ״לי״ עם רכיב הקשור לרינה.","Wikidata","medium","draft"
"sagi","שגיא","Sagi","זכר","עברי/ארמי","גדול, נשגב או מרובה.","מן המילה שַׂגִּיא, שמקורה ארמי ומשמשת גם בעברית ספרותית.","Wiktionary/Kaikki","high","draft"
"niv","ניב","Niv","זכר","עברי","ביטוי או צירוף לשון; גם תנובה או פרי בלשון מקראית.","זהה למילה נִיב.","Wiktionary/Kaikki","high","draft"
"stav","סתיו","Stav","זכר/נקבה","עברי","סתיו — עונת השנה שבין הקיץ לחורף.","זהה למילה סְתָיו.","Wiktionary/Kaikki","high","draft"
"ayelet","איילת","Ayelet","נקבה","עברי","איילה נקבה; לעיתים גם קשור לביטוי המקראי ״איילת השחר״.","צורת נקבה הקשורה למילה אַיָּל.","Wiktionary/Kaikki","high","draft"
"aliza","עליזה","Aliza","נקבה","עברי","שמחה, עליזה.","מן התואר עַלִּיזָה והשורש ע־ל־ז.","Wiktionary/Kaikki","high","draft"
"libi","ליבי","Libi","נקבה","עברי","הלב שלי.","מן המילה לֵב בצירוף כינוי השייכות ־י.","Wiktionary/Kaikki","high","draft"
"zehava","זהבה","Zehava","נקבה","עברי","זהב; צורת נקבה הקשורה לזהב.","נגזרת מן המילה זָהָב.","Wiktionary/Kaikki","high","draft"
"avishag","אבישג","Avishag","נקבה","עברי/מקראי","שם מקראי; משמעותו המדויקת אינה ודאית.","מורכב מן המרכיב ״אבי״ ומרכיב נוסף שאינו מוסכם במחקר.","Wiktionary/Kaikki; DAHPN","medium","draft"
"lital","ליטל","Lital","נקבה","עברי מודרני","לי טל.","שם מודרני המשלב ״לי״ ו״טל״.","Wikidata","high","draft"
"bat_sheva","בת שבע","Bat Sheva","נקבה","עברי/מקראי","בת שבע; ניתן לפרש גם כבת של שבע/שבועה, אך האטימולוגיה אינה חד־משמעית.","שם מקראי המורכב מן המילה ״בת״ ומרכיב ״שבע״.","Wiktionary/Kaikki; DAHPN","medium","draft"
"tova","טובה","Tova","נקבה","עברי","טובה, מיטיבה.","זהה לתואר טוֹבָה.","Wiktionary/Kaikki","high","draft"
"adir","אדיר","Adir","זכר","עברי","חזק, נשגב, רב־עוצמה.","זהה לתואר אַדִּיר.","Wiktionary/Kaikki","high","draft"
"elchanan","אלחנן","Elchanan","זכר","עברי/מקראי","אל חנן / האל חנן.","שם תאופורי המשלב ״אל״ עם השורש ח־נ־נ.","Wiktionary/Kaikki; DAHPN","high","draft"
"emma","אמה","Emma","נקבה","גרמאני/בינלאומי","שם גרמאני עתיק הקשור לשלמות או כוליות.","מקורו ביסוד גרמאני ermen/irmin, במשמעות שלם או אוניברסלי.","Wikidata","high","draft"
"gili","גילי","Gili","זכר/נקבה","עברי","השמחה שלי; ולעיתים ציווי ״גילי״ — שמחי.","קשור למילה גִּיל ולשורש ג־י־ל.","Wiktionary/Kaikki","high","draft"
"elazar","אלעזר","Elazar","זכר","עברי/מקראי","אל עזר / האל עזר.","שם תאופורי המשלב ״אל״ עם השורש ע־ז־ר.","Wiktionary/Kaikki; DAHPN","high","draft"
"daniela","דניאלה","Daniela","נקבה","עברי/בינלאומי","צורת נקבה של דניאל: אל הוא דייני.","נגזרת נשית של דניאל.","Wikidata","high","draft"
"yinon","ינון","Yinon","זכר","עברי/מקראי","שם מקראי/פיוטי; מקובל לקשר להמשכיות או לפריחה.","מופיע בתהילים; פירושו המדויק נתון לפרשנות.","Wiktionary/Kaikki","medium","draft"
"dorit","דורית","Dorit","נקבה","עברי מודרני","שם הקשור לדור.","נגזרת מודרנית מן המילה דּוֹר.","Wikidata","medium","draft"
"yigal","יגאל","Yigal","זכר","עברי/מקראי","יגאל — יושיע או יפדה.","מן השורש ג־א־ל בצורת עתיד.","Wiktionary/Kaikki; DAHPN","high","draft"
"dafna","דפנה","Dafna","נקבה","יווני/עברי","דפנה — עץ הדפנה.","מקור המילה בשם היווני Daphne, שהתקבל גם בעברית כשם הצמח.","Wikidata; Wiktionary/Kaikki","high","draft"
"lilach","לילך","Lilach","נקבה","עברי מודרני","לילך — שיח נוי בעל פרחים ריחניים.","זהה לשם הצמח לִילָךְ.","Wiktionary/Kaikki","high","draft"
"tom","תום","Tom","זכר","עברי/בינלאומי","בעברית: תמימות, שלמות או יושר; באנגלית יכול להיות קיצור של Thomas.","בישראל עשוי להתפרש מן המילה תֹּם, לצד מקור בינלאומי נפרד.","Wiktionary/Kaikki; Wikidata","high","draft"
"dina","דינה","Dina","נקבה","עברי/מקראי","נידונה / דין.","קשור לשורש ד־י־ן.","Wiktionary/Kaikki; DAHPN","high","draft"
"eliran","אלירן","Eliran","זכר","עברי מודרני","מקובל לפרשו כ״אלי רן״ או כצירוף אל + רן.","שם מודרני המשלב מרכיב תאופורי ״אל״ עם רכיב הקשור לרינה.","Wikidata","medium","draft"
"yechiel","יחיאל","Yechiel","זכר","עברי/מקראי","אל יחיה / האל ייתן חיים.","שם תאופורי המשלב את השורש ח־י־ה עם ״אל״.","Wiktionary/Kaikki; DAHPN","high","draft"
